prompt,completion
"Food: Rice, Condition: Common cold, Recommendation: Neutral","When you have a common cold, eating plain rice is a neutral choice. It's very easy for your system to digest and provides the necessary carbohydrates for energy, which helps your body focus on recovery."
"Food: Bread, Condition: Common cold, Recommendation: Neutral","Plain bread or toast is a simple source of carbohydrates that can give you energy when you're feeling down with a cold. Just avoid heavy toppings."
"Food: Eggs, Condition: Common cold, Recommendation: Good","Eggs are a great food to eat when you have a cold. They are packed with protein, which is essential for your immune system to function properly and help your body repair itself."
"Food: Milk, Condition: Common cold, Recommendation: Neutral","Drinking milk during a cold is generally fine as it provides hydration and nutrients. While some people feel it increases mucus, scientific evidence for this is weak."
"Food: Chapati, Condition: Common cold, Recommendation: Neutral","A soft, plain chapati is an easy-to-digest carbohydrate that provides good energy while your body is fighting off a cold."
"Food: Apple, Condition: Common cold, Recommendation: Good","Apples are a beneficial choice during a cold. They provide essential hydration and vitamin C, which can support your immune system's efforts to get you back to health."
"Food: Banana, Condition: Common cold, Recommendation: Good","Bananas are great when you're sick because they are soft, easy to eat, and provide a good source of energy and potassium to help you recover."
"Food: Butter, Condition: Common cold, Recommendation: Avoid","It's best to avoid butter when you have a cold. It's high in fat and can be difficult for your body to digest when your energy is focused on fighting the illness."
"Food: Chicken, Condition: Common cold, Recommendation: Good","Chicken is an excellent food for a cold, especially as a warm soup. It provides high-quality protein and the warm broth can be very soothing and hydrating."
"Food: Fish, Condition: Common cold, Recommendation: Good","Fish is a healthy choice when you're sick. It's a source of lean protein and omega-3 fatty acids, which have anti-inflammatory properties that can aid recovery."
"Food: Chocolate, Condition: Common cold, Recommendation: Avoid","You should probably skip the chocolate when you have a cold. It's high in sugar, which can temporarily suppress your immune system's activity."
"Food: Rice, Condition: Asthma, Recommendation: Neutral","Rice is generally considered a neutral food for asthma as it's not a common trigger. It's best consumed as part of a balanced, whole-food diet."
"Food: Bread, Condition: Asthma, Recommendation: Use Caution","Be cautious with bread if you have asthma. For individuals with a wheat allergy or yeast sensitivity, it could potentially act as a trigger for symptoms."
"Food: Eggs, Condition: Asthma, Recommendation: Good","Eggs are a good source of protein and are not a common asthma trigger, unless a specific egg allergy exists. They can be a healthy part of an anti-inflammatory diet."
"Food: Milk, Condition: Asthma, Recommendation: Use Caution","For some people with asthma, dairy products like milk can be a trigger that may increase mucus production. It's best to monitor your own reaction to it."
"Food: Chapati, Condition: Asthma, Recommendation: Neutral","A chapati made from whole wheat is a generally safe and healthy option, as it's better than products made from refined white flour."
"Food: Apple, Condition: Asthma, Recommendation: Good","Apples are beneficial for asthma sufferers. They contain antioxidants and compounds called flavonoids which have been linked to improved lung function."
"Food: Banana, Condition: Asthma, Recommendation: Good","Bananas can be a good choice as part of an asthma-friendly diet. They provide a good source of potassium and antioxidants without being a common trigger."
"Food: Butter, Condition: Asthma, Recommendation: Avoid","It's best to avoid butter. It is high in saturated fat, which can contribute to inflammation in the body, something you want to minimize with asthma."
"Food: Chicken, Condition: Asthma, Recommendation: Good","Including lean protein like chicken in your diet is a good strategy for asthma. It forms the basis of a healthy, non-inflammatory eating plan."
"Food: Fish, Condition: Asthma, Recommendation: Good","Fish, especially fatty fish like salmon, is highly recommended. It is rich in omega-3 fatty acids, which have powerful anti-inflammatory effects that can help support respiratory health."
"Food: Chocolate, Condition: Asthma, Recommendation: Use Caution","Be careful with chocolate. It can sometimes be a source of allergens or contain compounds like caffeine that might affect some individuals with asthma."
"Food: Rice, Condition: Diabetes, Recommendation: Avoid","For diabetes management, it's best to avoid white rice. It has a high glycemic index, which means it can cause a rapid and significant spike in your blood sugar levels."
"Food: Bread, Condition: Diabetes, Recommendation: Avoid","White bread should be avoided if you have diabetes. It's a simple carbohydrate that your body digests quickly, leading to a fast increase in blood sugar."
"Food: Eggs, Condition: Diabetes, Recommendation: Good","Eggs are an excellent food for a diabetic diet. They are high in protein and have virtually no carbohydrates, so they have a minimal effect on blood sugar."
"Food: Milk, Condition: Diabetes, Recommendation: Good","Milk can be a good choice for diabetics. It provides protein and calcium. Just be sure to choose unsweetened varieties and account for the natural lactose sugars."
"Food: Chapati, Condition: Diabetes, Recommendation: Good","A chapati made from whole wheat flour is a good option. It has more fiber than white bread, which helps to slow down the release of sugar into the bloodstream."
"Food: Apple, Condition: Diabetes, Recommendation: In Moderation","Apples can be part of a diabetic diet, but in moderation. They contain fiber, which is good, but also natural sugars, so it's important to stick to a controlled portion."
"Food: Banana, Condition: Diabetes, Recommendation: In Moderation","If you have diabetes, bananas should be eaten in small portions. They are healthier than processed snacks but are higher in sugar and carbs than many other fruits."
"Food: Butter, Condition: Diabetes, Recommendation: In Moderation","Butter itself won't raise your blood sugar because it's mostly fat. However, it's very high in calories and saturated fat, so it should be used sparingly."
"Food: Chicken, Condition: Diabetes, Recommendation: Good","Chicken is a fantastic choice for a diabetic meal. It's a lean protein source that has no carbohydrates, so it won't raise your blood sugar levels."
"Food: Fish, Condition: Diabetes, Recommendation: Good","Fish is highly recommended for diabetics. It's a great source of lean protein and healthy omega-3 fats, which are also beneficial for heart health."
"Food: Chocolate, Condition: Diabetes, Recommendation: Avoid","It's best to avoid milk chocolate as it's packed with sugar. A small piece of very high-cacao (70%+) dark chocolate is a much better, but still occasional, treat."
"Food: Rice, Condition: Hypertension, Recommendation: In Moderation","Rice itself is low in sodium, which is good. However, it should be part of a balanced diet that is rich in fruits, vegetables, and lean proteins to manage hypertension."
"Food: Bread, Condition: Hypertension, Recommendation: Avoid","You should avoid most commercially produced breads. They are often surprisingly high in sodium, which is a major contributor to high blood pressure."
"Food: Eggs, Condition: Hypertension, Recommendation: Good","Eggs can be a healthy part of a diet for managing hypertension. They are a good source of protein and are not directly linked to increasing blood pressure."
"Food: Milk, Condition: Hypertension, Recommendation: Good","Low-fat milk is a beneficial choice. It's rich in calcium and vitamin D, and some studies suggest these nutrients can help in lowering blood pressure."
"Food: Chapati, Condition: Hypertension, Recommendation: Good","A homemade chapati is an excellent alternative to bread. It contains very little sodium and fits well within a heart-healthy diet plan."
"Food: Apple, Condition: Hypertension, Recommendation: Good","Apples are a great snack for someone with hypertension. They provide a good amount of potassium, a mineral that helps your body flush out excess sodium."
"Food: Banana, Condition: Hypertension, Recommendation: Good","Bananas are famous for their high potassium content, which is essential for managing blood pressure. Potassium helps to lessen the effect of sodium."
"Food: Butter, Condition: Hypertension, Recommendation: Avoid","It's best to avoid salted butter due to its high sodium content. Even unsalted butter is high in saturated fat, which isn't ideal for overall cardiovascular health."
"Food: Chicken, Condition: Hypertension, Recommendation: Good","Skinless chicken is a great source of lean protein for a heart-healthy diet. It's best when prepared by grilling or baking rather than frying."
"Food: Fish, Condition: Hypertension, Recommendation: Good","Fish, especially fatty fish like salmon, is highly recommended. The Omega-3 fatty acids it contains have been shown to help reduce blood pressure."
"Food: Chocolate, Condition: Hypertension, Recommendation: Good","A small amount of dark chocolate (high in cacao) can be beneficial. It contains compounds called flavonoids that help improve blood vessel flexibility and lower blood pressure."
"Food: Rice, Condition: Chickenpox, Recommendation: Neutral","Plain, boiled rice is a good food to eat during chickenpox. It's bland and very easy for the body to digest when energy is low."
"Food: Bread, Condition: Chickenpox, Recommendation: Neutral","Simple toast or plain bread can provide necessary energy for recovery when you don't have much of an appetite."
"Food: Eggs, Condition: Chickenpox, Recommendation: Good","Well-cooked eggs are a great source of protein, which is crucial for your immune system and for helping your skin heal from the pox sores."
"Food: Milk, Condition: Chickenpox, Recommendation: Good","Milk is beneficial as it provides hydration, calories, and important nutrients like calcium and vitamin D to support your recovery."
"Food: Chapati, Condition: Chickenpox, Recommendation: Neutral","A soft chapati is easy to eat, especially if you have sores in your mouth, and it provides simple carbohydrates for energy."
"Food: Apple, Condition: Chickenpox, Recommendation: Good","Apples are a good choice as they provide vitamin C to support your immune system. You might find applesauce easier to eat if you have a sore mouth."
"Food: Banana, Condition: Chickenpox, Recommendation: Good","Bananas are soft, easy to eat, and won't irritate mouth sores. They also provide key nutrients like potassium to help you feel better."
"Food: Butter, Condition: Chickenpox, Recommendation: Avoid","It's best to avoid greasy and high-fat foods like butter during an illness. They can be difficult to digest and don't provide optimal nutrition for recovery."
"Food: Chicken, Condition: Chickenpox, Recommendation: Good","Lean chicken is a great source of protein which is vital for helping your body repair itself and fight off the virus."
"Food: Fish, Condition: Chickenpox, Recommendation: Good","Fish provides easily digestible protein and healthy fats that can support your body's healing process without being too heavy on your system."
"Food: Chocolate, Condition: Chickenpox, Recommendation: Avoid","You should avoid sugary foods like chocolate. Sugar can cause inflammation and might suppress the immune system's ability to fight the infection."
"Food: Rice, Condition: Dengue fever, Recommendation: Good","Boiled rice is highly recommended during dengue recovery. It's easy on the stomach and provides essential energy when the patient is feeling very weak."
"Food: Bread, Condition: Dengue fever, Recommendation: Neutral","Plain bread or toast can be a good source of simple carbohydrates for energy, but focus on easily digestible foods."
"Food: Eggs, Condition: Dengue fever, Recommendation: Good","Eggs are a good source of high-quality protein, which is necessary to help your body recover and rebuild its strength."
"Food: Milk, Condition: Dengue fever, Recommendation: Good","Milk is beneficial during dengue as it provides necessary fluids, protein, and nutrients to help combat the weakness associated with the fever."
"Food: Chapati, Condition: Dengue fever, Recommendation: Good","A very soft, plain chapati can be easy to consume and provides energy when appetite is low."
"Food: Apple, Condition: Dengue fever, Recommendation: Good","Apples are rich in antioxidants and flavonoids that help support the immune system. They are also a good source of hydration."
"Food: Banana, Condition: Dengue fever, Recommendation: Good","Bananas are easy to digest and can help replenish potassium levels, which can be depleted during the illness."
"Food: Butter, Condition: Dengue fever, Recommendation: Avoid","Fatty and oily foods like butter should be strictly avoided. Dengue can affect the liver, and such foods put extra strain on it."
"Food: Chicken, Condition: Dengue fever, Recommendation: Good","A clear, non-greasy chicken soup is an excellent choice. It provides hydration, electrolytes, and easily digestible protein."
"Food: Fish, Condition: Dengue fever, Recommendation: Good","Steamed or baked fish is a good source of lean protein that is easy on the digestive system during recovery."
"Food: Chocolate, Condition: Dengue fever, Recommendation: Avoid","It is important to avoid all sugary and processed foods like chocolate to allow your body to focus all its energy on recovery."
"Food: Rice, Condition: Typhoid fever, Recommendation: Good","Plain, boiled white rice is a cornerstone of the diet for typhoid recovery. It is very easy to digest and provides essential energy."
"Food: Bread, Condition: Typhoid fever, Recommendation: Use Caution","Dry toast without butter is sometimes recommended, but it can be hard. A semi-liquid diet is often preferred, making bread less ideal."
"Food: Eggs, Condition: Typhoid fever, Recommendation: Good","Well-cooked eggs are a good source of protein to aid in recovery. Ensure they are thoroughly cooked to avoid any risk of other infections."
"Food: Milk, Condition: Typhoid fever, Recommendation: Avoid","Dairy products like milk can be very difficult for a compromised digestive system to handle during typhoid and should be avoided."
"Food: Chapati, Condition: Typhoid fever, Recommendation: Use Caution","Chapati should be avoided unless it is extremely soft and made without any oil or butter, as it can be hard to digest."
"Food: Apple, Condition: Typhoid fever, Recommendation: Good","Apples should be peeled and stewed until very soft. This makes them easy on the stomach while providing necessary nutrients."
"Food: Banana, Condition: Typhoid fever, Recommendation: Good","Bananas are part of the BRAT (Bananas, Rice, Applesauce, Toast) diet. They are easy to digest and can help manage diarrhea."
"Food: Butter, Condition: Typhoid fever, Recommendation: Avoid","All fats, oils, and greasy foods like butter must be strictly avoided as they are very difficult for the inflamed digestive system to process."
"Food: Chicken, Condition: Typhoid fever, Recommendation: Good","Only clear, non-greasy chicken broth should be consumed. It provides hydration and electrolytes without straining the digestive system."
"Food: Fish, Condition: Typhoid fever, Recommendation: Avoid","Fish, particularly fatty fish, can be difficult to digest and should be avoided until you have fully recovered."
"Food: Chocolate, Condition: Typhoid fever, Recommendation: Avoid","You must strictly avoid all sugary, processed, and heavy foods like chocolate. The diet should be as bland and simple as possible."
"Food: Rice, Condition: Obesity, Recommendation: In Moderation","While rice provides energy, it's high in carbohydrates and calories. Portion control is absolutely essential when managing weight."
"Food: Bread, Condition: Obesity, Recommendation: In Moderation","It's better to choose whole-wheat bread for its fiber content, but be very mindful of portion sizes as it's calorie-dense."
"Food: Eggs, Condition: Obesity, Recommendation: Good","Eggs are excellent for weight management. Their high protein content makes you feel full for longer, which can help reduce your overall calorie intake."
"Food: Milk, Condition: Obesity, Recommendation: Good","Choosing low-fat or skim milk is a smart move. It provides valuable protein and calcium without the extra calories from fat."
"Food: Chapati, Condition: Obesity, Recommendation: Good","A chapati made from whole-wheat flour is a good choice because its fiber content helps you feel full and satisfied."
"Food: Apple, Condition: Obesity, Recommendation: Good","Apples are a great snack for weight loss. They are low in calories but high in fiber and water, which makes them very filling."
"Food: Banana, Condition: Obesity, Recommendation: In Moderation","Bananas are a healthy food, but they are more calorie-dense and higher in sugar than other fruits, so portion control is important."
"Food: Butter, Condition: Obesity, Recommendation: Avoid","Butter should be avoided as it's extremely high in calories and saturated fat while offering very little nutritional value."
"Food: Chicken, Condition: Obesity, Recommendation: Good","Skinless chicken breast is a fantastic source of lean protein. Protein helps build muscle and keeps you feeling full."
"Food: Fish, Condition: Obesity, Recommendation: Good","Fish is a great source of lean protein and healthy fats. It's best to prepare it by baking or grilling instead of frying."
"Food: Chocolate, Condition: Obesity, Recommendation: Avoid","Chocolate is very high in sugar, fat, and calories. It should be considered a rare treat rather than a regular part of the diet."
"Food: Rice, Condition: High cholesterol, Recommendation: In Moderation","It's better to choose brown rice over white rice. The higher fiber content in brown rice can help in lowering cholesterol levels."
"Food: Bread, Condition: High cholesterol, Recommendation: Good","Choosing whole-grain bread is important. The soluble fiber it contains actively helps to reduce your LDL, or 'bad,' cholesterol."
"Food: Eggs, Condition: High cholesterol, Recommendation: In Moderation","While eggs contain dietary cholesterol, their impact on blood cholesterol is less than that of saturated fat. Still, moderation is advised."
"Food: Milk, Condition: High cholesterol, Recommendation: Good","You should opt for low-fat or skim milk. This allows you to get the benefits of calcium and protein while reducing your intake of saturated fat."
"Food: Chapati, Condition: High cholesterol, Recommendation: Good","A whole-wheat chapati is beneficial because the fiber it provides can contribute to lowering your overall cholesterol levels."
"Food: Apple, Condition: High cholesterol, Recommendation: Good","Apples are a great choice. They are rich in a type of soluble fiber called pectin, which is very effective at helping to lower LDL cholesterol."
"Food: Banana, Condition: High cholesterol, Recommendation: Good","Bananas are a heart-healthy food. The fiber and potassium they contain both play a role in supporting good cardiovascular health."
"Food: Butter, Condition: High cholesterol, Recommendation: Avoid","Butter is very high in saturated fat, which is known to directly raise your LDL, or 'bad,' cholesterol levels. It's best to avoid it."
"Food: Chicken, Condition: High cholesterol, Recommendation: Good","Skinless chicken is a good source of lean protein. Removing the skin is important as that's where most of the saturated fat is located."
"Food: Fish, Condition: High cholesterol, Recommendation: Good","Fish, especially fatty types like salmon, is highly recommended for managing cholesterol. It's packed with omega-3s, which are excellent for lowering triglycerides and supporting overall heart health."
"Food: Chocolate, Condition: High cholesterol, Recommendation: Good","A small amount of dark chocolate can actually be good for your cholesterol profile. Its high flavonoid content can help improve heart health, but remember to choose high-cacao options and enjoy it in moderation."
"Food: Rice, Condition: Fungal infection, Recommendation: In Moderation","Carbohydrates like rice break down into sugar in your body, which can potentially feed a yeast-based fungal infection. It's best to limit your intake."
"Food: Bread, Condition: Fungal infection, Recommendation: Avoid","You should avoid bread. It contains yeast and often sugar, both of which can worsen a fungal infection like candida."
"Food: Eggs, Condition: Fungal infection, Recommendation: Good","Eggs are an excellent food choice as they are a pure source of protein and contain no sugar or yeast to aggravate the infection."
"Food: Milk, Condition: Fungal infection, Recommendation: Avoid","Milk contains a natural sugar called lactose. All forms of sugar should be avoided as they can contribute to yeast overgrowth."
"Food: Chapati, Condition: Fungal infection, Recommendation: In Moderation","A chapati is a better option than leavened bread as it's yeast-free. However, it's still a carbohydrate, so intake should be limited."
"Food: Apple, Condition: Fungal infection, Recommendation: Avoid","While healthy, fruits like apples are high in natural sugars. It's generally recommended to avoid them during an active fungal infection."
"Food: Banana, Condition: Fungal infection, Recommendation: Avoid","Bananas are very high in sugar, which can unfortunately provide a food source for yeast. It's best to avoid them."
"Food: Butter, Condition: Fungal infection, Recommendation: Good","Butter is a pure fat with no sugar or carbohydrates, making it generally acceptable on an anti-fungal diet."
"Food: Chicken, Condition: Fungal infection, Recommendation: Good","Plain chicken is a staple of an anti-fungal diet. Just be sure to prepare it without any sugary sauces or breading."
"Food: Fish, Condition: Fungal infection, Recommendation: Good","Fish is an excellent protein source. Fatty fish are also beneficial due to the anti-inflammatory properties of omega-3s."
"Food: Chocolate, Condition: Fungal infection, Recommendation: Avoid","Chocolate must be avoided as it contains high amounts of sugar, which can worsen a fungal infection."
"Food: Rice, Condition: Kidney stones, Recommendation: In Moderation","Some research has linked a high intake of refined carbohydrates like white rice to an increased risk of stones, so moderation is key."
"Food: Bread, Condition: Kidney stones, Recommendation: In Moderation","Whole-wheat bread is a better choice. Be cautious with commercial breads as their high sodium content can be a risk factor for stone formation."
"Food: Eggs, Condition: Kidney stones, Recommendation: Good","Eggs are a good source of protein and are not high in oxalates, a common component of kidney stones."
"Food: Milk, Condition: Kidney stones, Recommendation: Good","Getting enough dietary calcium from sources like milk is important. Calcium binds with oxalates in your intestine, which helps prevent stones from forming."
"Food: Chapati, Condition: Kidney stones, Recommendation: Good","A homemade chapati is a good choice as it's low in sodium and can be part of a balanced diet aimed at preventing kidney stones."
"Food: Apple, Condition: Kidney stones, Recommendation: Good","Apples are a safe and healthy choice. They are low in oxalates and contribute to a diet that helps prevent stone formation."
"Food: Banana, Condition: Kidney stones, Recommendation: Good","Bananas are beneficial as they are low in oxalates and high in potassium. Potassium can help reduce calcium in the urine, lowering the risk of stones."
"Food: Butter, Condition: Kidney stones, Recommendation: In Moderation","Butter is high in fat but is not directly linked to the formation of kidney stones. It should be used sparingly as part of a balanced diet."
"Food: Chicken, Condition: Kidney stones, Recommendation: In Moderation","A very high intake of animal protein, including chicken, can increase the risk of developing certain types of kidney stones. Moderation is important."
"Food: Fish, Condition: Kidney stones, Recommendation: In Moderation","Similar to other animal proteins, a high intake of fish can contribute to an increased risk for certain stones. A balanced intake is recommended."
"Food: Chocolate, Condition: Kidney stones, Recommendation: Avoid","It is very important to avoid chocolate if you are prone to kidney stones. It is one of the foods highest in oxalate, a key building block of the most common stones."